province,bkpm_sector,idx_netincome_latest,idx_netincome_year,Peluang,PDRB_2024,Realisasi_Investasi,Kawasan_Industri
Aceh,PERTANIAN,34532000000000.0,2025,3 Proyek,Rp 113.484.220.000.000,"PMA (US$ Ribu) : 1.398.089,13 | PMDN (Rp Juta) : 58.585.390,7",2 Kawasan
Aceh,PENGANGKUTAN,3183856000000.0,2025,3 Proyek,Rp 113.484.220.000.000,"PMA (US$ Ribu) : 1.398.089,13 | PMDN (Rp Juta) : 58.585.390,7",2 Kawasan
Aceh,KONSTRUKSI,4725103000000.0,2025,3 Proyek,Rp 113.484.220.000.000,"PMA (US$ Ribu) : 1.398.089,13 | PMDN (Rp Juta) : 58.585.390,7",2 Kawasan
Aceh,PERIKANAN,10266634000000.0,2025,3 Proyek,Rp 113.484.220.000.000,"PMA (US$ Ribu) : 1.398.089,13 | PMDN (Rp Juta) : 58.585.390,7",2 Kawasan
Aceh,PERDAGANGAN,17749000000000.0,2025,3 Proyek,Rp 113.484.220.000.000,"PMA (US$ Ribu) : 1.398.089,13 | PMDN (Rp Juta) : 58.585.390,7",2 Kawasan
Aceh,PARIWISATA,2361177000000.0,2025,3 Proyek,Rp 113.484.220.000.000,"PMA (US$ Ribu) : 1.398.089,13 | PMDN (Rp Juta) : 58.585.390,7",2 Kawasan
Papua,PERIKANAN,10266634000000.0,2025,2 Proyek,,"PMA (US$ Ribu) : 14.220.140,3 | PMDN (Rp Juta) : 11.368.335,8",0 Kawasan
Papua,PERTAMBANGAN,93828770000000.0,2025,2 Proyek,,"PMA (US$ Ribu) : 14.220.140,3 | PMDN (Rp Juta) : 11.368.335,8",0 Kawasan
Papua,KONSTRUKSI,4725103000000.0,2025,2 Proyek,,"PMA (US$ Ribu) : 14.220.140,3 | PMDN (Rp Juta) : 11.368.335,8",0 Kawasan
Kalimantan Tengah,PARIWISATA,2361177000000.0,2025,3 Proyek,,"PMA (US$ Ribu) : 12.775.155,1 | PMDN (Rp Juta) : 78.011.055,7",1 Kawasan
Kalimantan Tengah,PERTAMBANGAN,93828770000000.0,2025,3 Proyek,,"PMA (US$ Ribu) : 12.775.155,1 | PMDN (Rp Juta) : 78.011.055,7",1 Kawasan
Kalimantan Tengah,PERTANIAN,34532000000000.0,2025,3 Proyek,,"PMA (US$ Ribu) : 12.775.155,1 | PMDN (Rp Juta) : 78.011.055,7",1 Kawasan
Kalimantan Tengah,PERIKANAN,10266634000000.0,2025,3 Proyek,,"PMA (US$ Ribu) : 12.775.155,1 | PMDN (Rp Juta) : 78.011.055,7",1 Kawasan
Papua Selatan,PERIKANAN,10266634000000.0,2025,0 Proyek,Rp 14.022.040.000.000,"PMA (US$ Ribu) : 176.621,5 | PMDN (Rp Juta) : 852.176,2",0 Kawasan
Sumatera Utara,KONSTRUKSI,4725103000000.0,2025,10 Proyek,,"PMA (US$ Ribu) : 13.240.790,5 | PMDN (Rp Juta) : 164.217.439,3",3 Kawasan
Sumatera Utara,PARIWISATA,2361177000000.0,2025,10 Proyek,,"PMA (US$ Ribu) : 13.240.790,5 | PMDN (Rp Juta) : 164.217.439,3",3 Kawasan
Sumatera Utara,PERTAMBANGAN,93828770000000.0,2025,10 Proyek,,"PMA (US$ Ribu) : 13.240.790,5 | PMDN (Rp Juta) : 164.217.439,3",3 Kawasan
Sumatera Utara,PERDAGANGAN,17749000000000.0,2025,10 Proyek,,"PMA (US$ Ribu) : 13.240.790,5 | PMDN (Rp Juta) : 164.217.439,3",3 Kawasan
Sumatera Utara,PERTANIAN,34532000000000.0,2025,10 Proyek,,"PMA (US$ Ribu) : 13.240.790,5 | PMDN (Rp Juta) : 164.217.439,3",3 Kawasan
Sumatera Barat,PARIWISATA,2361177000000.0,2025,3 Proyek,Rp 4.407.170.000.000,"PMA (US$ Ribu) : 1.359.685 | PMDN (Rp Juta) : 28.519.510,2",1 Kawasan
Sumatera Barat,PERTANIAN,34532000000000.0,2025,3 Proyek,Rp 4.407.170.000.000,"PMA (US$ Ribu) : 1.359.685 | PMDN (Rp Juta) : 28.519.510,2",1 Kawasan
Sumatera Barat,PENGANGKUTAN,3183856000000.0,2025,3 Proyek,Rp 4.407.170.000.000,"PMA (US$ Ribu) : 1.359.685 | PMDN (Rp Juta) : 28.519.510,2",1 Kawasan
Sumatera Barat,PERIKANAN,10266634000000.0,2025,3 Proyek,Rp 4.407.170.000.000,"PMA (US$ Ribu) : 1.359.685 | PMDN (Rp Juta) : 28.519.510,2",1 Kawasan
Riau,PERTANIAN,34532000000000.0,2025,3 Proyek,Rp 4.087.354.000,"PMA (US$ Ribu) : 16.268.304,2 | PMDN (Rp Juta) : 231.188.315,7",3 Kawasan
Riau,PERTAMBANGAN,93828770000000.0,2025,3 Proyek,Rp 4.087.354.000,"PMA (US$ Ribu) : 16.268.304,2 | PMDN (Rp Juta) : 231.188.315,7",3 Kawasan
Riau,PERDAGANGAN,17749000000000.0,2025,3 Proyek,Rp 4.087.354.000,"PMA (US$ Ribu) : 16.268.304,2 | PMDN (Rp Juta) : 231.188.315,7",3 Kawasan
Riau,PERINDUSTRIAN,165583339000000.0,2025,3 Proyek,Rp 4.087.354.000,"PMA (US$ Ribu) : 16.268.304,2 | PMDN (Rp Juta) : 231.188.315,7",3 Kawasan
Jambi,PERINDUSTRIAN,165583339000000.0,2025,2 Proyek,,"PMA (US$ Ribu) : 911.828 | PMDN (Rp Juta) : 60.422.169,1",0 Kawasan
Jambi,PENGANGKUTAN,3183856000000.0,2025,2 Proyek,,"PMA (US$ Ribu) : 911.828 | PMDN (Rp Juta) : 60.422.169,1",0 Kawasan
Jambi,PARIWISATA,2361177000000.0,2025,2 Proyek,,"PMA (US$ Ribu) : 911.828 | PMDN (Rp Juta) : 60.422.169,1",0 Kawasan
Jambi,KEUANGAN,260353000000000.0,2025,2 Proyek,,"PMA (US$ Ribu) : 911.828 | PMDN (Rp Juta) : 60.422.169,1",0 Kawasan
Jambi,PERDAGANGAN,17749000000000.0,2025,2 Proyek,,"PMA (US$ Ribu) : 911.828 | PMDN (Rp Juta) : 60.422.169,1",0 Kawasan
Jambi,ENERGI,22543058000000.0,2025,2 Proyek,,"PMA (US$ Ribu) : 911.828 | PMDN (Rp Juta) : 60.422.169,1",0 Kawasan
Jambi,KONSTRUKSI,4725103000000.0,2025,2 Proyek,,"PMA (US$ Ribu) : 911.828 | PMDN (Rp Juta) : 60.422.169,1",0 Kawasan
Jambi,PERTAMBANGAN,93828770000000.0,2025,2 Proyek,,"PMA (US$ Ribu) : 911.828 | PMDN (Rp Juta) : 60.422.169,1",0 Kawasan
Jambi,PERIKANAN,10266634000000.0,2025,2 Proyek,,"PMA (US$ Ribu) : 911.828 | PMDN (Rp Juta) : 60.422.169,1",0 Kawasan
Jambi,PERTANIAN,34532000000000.0,2025,2 Proyek,,"PMA (US$ Ribu) : 911.828 | PMDN (Rp Juta) : 60.422.169,1",0 Kawasan
Sumatera Selatan,PERDAGANGAN,17749000000000.0,2025,27 Proyek,,"PMA (US$ Ribu) : 47.096.598.941.595,02 | PMDN (Rp Juta) : 5.060.790.921.821.505",1 Kawasan
Sumatera Selatan,KEUANGAN,260353000000000.0,2025,27 Proyek,,"PMA (US$ Ribu) : 47.096.598.941.595,02 | PMDN (Rp Juta) : 5.060.790.921.821.505",1 Kawasan
Sumatera Selatan,PENGANGKUTAN,3183856000000.0,2025,27 Proyek,,"PMA (US$ Ribu) : 47.096.598.941.595,02 | PMDN (Rp Juta) : 5.060.790.921.821.505",1 Kawasan
Sumatera Selatan,KONSTRUKSI,4725103000000.0,2025,27 Proyek,,"PMA (US$ Ribu) : 47.096.598.941.595,02 | PMDN (Rp Juta) : 5.060.790.921.821.505",1 Kawasan
Sumatera Selatan,PERTANIAN,34532000000000.0,2025,27 Proyek,,"PMA (US$ Ribu) : 47.096.598.941.595,02 | PMDN (Rp Juta) : 5.060.790.921.821.505",1 Kawasan
Sumatera Selatan,PERINDUSTRIAN,165583339000000.0,2025,27 Proyek,,"PMA (US$ Ribu) : 47.096.598.941.595,02 | PMDN (Rp Juta) : 5.060.790.921.821.505",1 Kawasan
Sumatera Selatan,ENERGI,22543058000000.0,2025,27 Proyek,,"PMA (US$ Ribu) : 47.096.598.941.595,02 | PMDN (Rp Juta) : 5.060.790.921.821.505",1 Kawasan
Sumatera Selatan,PERTAMBANGAN,93828770000000.0,2025,27 Proyek,,"PMA (US$ Ribu) : 47.096.598.941.595,02 | PMDN (Rp Juta) : 5.060.790.921.821.505",1 Kawasan
Sumatera Selatan,PERIKANAN,10266634000000.0,2025,27 Proyek,,"PMA (US$ Ribu) : 47.096.598.941.595,02 | PMDN (Rp Juta) : 5.060.790.921.821.505",1 Kawasan
Sumatera Selatan,PARIWISATA,2361177000000.0,2025,27 Proyek,,"PMA (US$ Ribu) : 47.096.598.941.595,02 | PMDN (Rp Juta) : 5.060.790.921.821.505",1 Kawasan
Bengkulu,PERDAGANGAN,17749000000000.0,2025,20 Proyek,,"PMA (US$ Ribu) : 1.306.362,4 | PMDN (Rp Juta) : 59.428.890,8",0 Kawasan
Bengkulu,PERTANIAN,34532000000000.0,2025,20 Proyek,,"PMA (US$ Ribu) : 1.306.362,4 | PMDN (Rp Juta) : 59.428.890,8",0 Kawasan
Bengkulu,PERIKANAN,10266634000000.0,2025,20 Proyek,,"PMA (US$ Ribu) : 1.306.362,4 | PMDN (Rp Juta) : 59.428.890,8",0 Kawasan
Bengkulu,PENGANGKUTAN,3183856000000.0,2025,20 Proyek,,"PMA (US$ Ribu) : 1.306.362,4 | PMDN (Rp Juta) : 59.428.890,8",0 Kawasan
Bengkulu,PARIWISATA,2361177000000.0,2025,20 Proyek,,"PMA (US$ Ribu) : 1.306.362,4 | PMDN (Rp Juta) : 59.428.890,8",0 Kawasan
Bengkulu,PERINDUSTRIAN,165583339000000.0,2025,20 Proyek,,"PMA (US$ Ribu) : 1.306.362,4 | PMDN (Rp Juta) : 59.428.890,8",0 Kawasan
Bengkulu,KONSTRUKSI,4725103000000.0,2025,20 Proyek,,"PMA (US$ Ribu) : 1.306.362,4 | PMDN (Rp Juta) : 59.428.890,8",0 Kawasan
Lampung,PERTANIAN,34532000000000.0,2025,3 Proyek,,"PMA (US$ Ribu) : 318.234.673,1 | PMDN (Rp Juta) : 19.958.065.086.546,7",2 Kawasan
Lampung,PERIKANAN,10266634000000.0,2025,3 Proyek,,"PMA (US$ Ribu) : 318.234.673,1 | PMDN (Rp Juta) : 19.958.065.086.546,7",2 Kawasan
Lampung,PARIWISATA,2361177000000.0,2025,3 Proyek,,"PMA (US$ Ribu) : 318.234.673,1 | PMDN (Rp Juta) : 19.958.065.086.546,7",2 Kawasan
Lampung,ENERGI,22543058000000.0,2025,3 Proyek,,"PMA (US$ Ribu) : 318.234.673,1 | PMDN (Rp Juta) : 19.958.065.086.546,7",2 Kawasan
Lampung,PENGANGKUTAN,3183856000000.0,2025,3 Proyek,,"PMA (US$ Ribu) : 318.234.673,1 | PMDN (Rp Juta) : 19.958.065.086.546,7",2 Kawasan
Kepulauan Bangka-Belitung,PERIKANAN,10266634000000.0,2025,1 Proyek,Rp 49.340.520.000.000,"PMA (US$ Ribu) : 1.287.734,13 | PMDN (Rp Juta) : 56.299.771,49",1 Kawasan
Kepulauan Bangka-Belitung,PARIWISATA,2361177000000.0,2025,1 Proyek,Rp 49.340.520.000.000,"PMA (US$ Ribu) : 1.287.734,13 | PMDN (Rp Juta) : 56.299.771,49",1 Kawasan
Kepulauan Bangka-Belitung,PERTANIAN,34532000000000.0,2025,1 Proyek,Rp 49.340.520.000.000,"PMA (US$ Ribu) : 1.287.734,13 | PMDN (Rp Juta) : 56.299.771,49",1 Kawasan
Kepulauan Bangka-Belitung,PERTAMBANGAN,93828770000000.0,2025,1 Proyek,Rp 49.340.520.000.000,"PMA (US$ Ribu) : 1.287.734,13 | PMDN (Rp Juta) : 56.299.771,49",1 Kawasan
Kepulauan Bangka-Belitung,PERINDUSTRIAN,165583339000000.0,2025,1 Proyek,Rp 49.340.520.000.000,"PMA (US$ Ribu) : 1.287.734,13 | PMDN (Rp Juta) : 56.299.771,49",1 Kawasan
Kepulauan Riau,KONSTRUKSI,4725103000000.0,2025,3 Proyek,,"PMA (US$ Ribu) : 12.473.387,9 | PMDN (Rp Juta) : 60.739.510,8",26 Kawasan
Kepulauan Riau,PERTANIAN,34532000000000.0,2025,3 Proyek,,"PMA (US$ Ribu) : 12.473.387,9 | PMDN (Rp Juta) : 60.739.510,8",26 Kawasan
Kepulauan Riau,PERIKANAN,10266634000000.0,2025,3 Proyek,,"PMA (US$ Ribu) : 12.473.387,9 | PMDN (Rp Juta) : 60.739.510,8",26 Kawasan
Kepulauan Riau,PERTAMBANGAN,93828770000000.0,2025,3 Proyek,,"PMA (US$ Ribu) : 12.473.387,9 | PMDN (Rp Juta) : 60.739.510,8",26 Kawasan
Kepulauan Riau,PERINDUSTRIAN,165583339000000.0,2025,3 Proyek,,"PMA (US$ Ribu) : 12.473.387,9 | PMDN (Rp Juta) : 60.739.510,8",26 Kawasan
Kepulauan Riau,PERDAGANGAN,17749000000000.0,2025,3 Proyek,,"PMA (US$ Ribu) : 12.473.387,9 | PMDN (Rp Juta) : 60.739.510,8",26 Kawasan
Kepulauan Riau,ENERGI,22543058000000.0,2025,3 Proyek,,"PMA (US$ Ribu) : 12.473.387,9 | PMDN (Rp Juta) : 60.739.510,8",26 Kawasan
Kepulauan Riau,PENGANGKUTAN,3183856000000.0,2025,3 Proyek,,"PMA (US$ Ribu) : 12.473.387,9 | PMDN (Rp Juta) : 60.739.510,8",26 Kawasan
Kepulauan Riau,PARIWISATA,2361177000000.0,2025,3 Proyek,,"PMA (US$ Ribu) : 12.473.387,9 | PMDN (Rp Juta) : 60.739.510,8",26 Kawasan
Kepulauan Riau,KEUANGAN,260353000000000.0,2025,3 Proyek,,"PMA (US$ Ribu) : 12.473.387,9 | PMDN (Rp Juta) : 60.739.510,8",26 Kawasan
DKI Jakarta,PENGANGKUTAN,3183856000000.0,2025,32 Proyek,,"PMA (US$ Ribu) : 60.882.118 | PMDN (Rp Juta) : 589.125.010,3",2 Kawasan
DKI Jakarta,PARIWISATA,2361177000000.0,2025,32 Proyek,,"PMA (US$ Ribu) : 60.882.118 | PMDN (Rp Juta) : 589.125.010,3",2 Kawasan
DKI Jakarta,KONSTRUKSI,4725103000000.0,2025,32 Proyek,,"PMA (US$ Ribu) : 60.882.118 | PMDN (Rp Juta) : 589.125.010,3",2 Kawasan
DKI Jakarta,PERIKANAN,10266634000000.0,2025,32 Proyek,,"PMA (US$ Ribu) : 60.882.118 | PMDN (Rp Juta) : 589.125.010,3",2 Kawasan
Jawa Barat,PERTANIAN,34532000000000.0,2025,5 Proyek,,"PMA (US$ Ribu) : 80.453.543,2 | PMDN (Rp Juta) : 605.821.560,4",42 Kawasan
Jawa Barat,PENGANGKUTAN,3183856000000.0,2025,5 Proyek,,"PMA (US$ Ribu) : 80.453.543,2 | PMDN (Rp Juta) : 605.821.560,4",42 Kawasan
Jawa Barat,ENERGI,22543058000000.0,2025,5 Proyek,,"PMA (US$ Ribu) : 80.453.543,2 | PMDN (Rp Juta) : 605.821.560,4",42 Kawasan
Jawa Barat,PERINDUSTRIAN,165583339000000.0,2025,5 Proyek,,"PMA (US$ Ribu) : 80.453.543,2 | PMDN (Rp Juta) : 605.821.560,4",42 Kawasan
Jawa Tengah,PARIWISATA,2361177000000.0,2025,10 Proyek,,"PMA (US$ Ribu) : 19.223.591,5 | PMDN (Rp Juta) : 290.472.577,6",10 Kawasan
Jawa Tengah,PERTANIAN,34532000000000.0,2025,10 Proyek,,"PMA (US$ Ribu) : 19.223.591,5 | PMDN (Rp Juta) : 290.472.577,6",10 Kawasan
Jawa Tengah,PERINDUSTRIAN,165583339000000.0,2025,10 Proyek,,"PMA (US$ Ribu) : 19.223.591,5 | PMDN (Rp Juta) : 290.472.577,6",10 Kawasan
Jawa Tengah,PERIKANAN,10266634000000.0,2025,10 Proyek,,"PMA (US$ Ribu) : 19.223.591,5 | PMDN (Rp Juta) : 290.472.577,6",10 Kawasan
Jawa Tengah,KEUANGAN,260353000000000.0,2025,10 Proyek,,"PMA (US$ Ribu) : 19.223.591,5 | PMDN (Rp Juta) : 290.472.577,6",10 Kawasan
Jawa Tengah,PENGANGKUTAN,3183856000000.0,2025,10 Proyek,,"PMA (US$ Ribu) : 19.223.591,5 | PMDN (Rp Juta) : 290.472.577,6",10 Kawasan
Jawa Tengah,PERDAGANGAN,17749000000000.0,2025,10 Proyek,,"PMA (US$ Ribu) : 19.223.591,5 | PMDN (Rp Juta) : 290.472.577,6",10 Kawasan
Jawa Tengah,KONSTRUKSI,4725103000000.0,2025,10 Proyek,,"PMA (US$ Ribu) : 19.223.591,5 | PMDN (Rp Juta) : 290.472.577,6",10 Kawasan
Jawa Tengah,ENERGI,22543058000000.0,2025,10 Proyek,,"PMA (US$ Ribu) : 19.223.591,5 | PMDN (Rp Juta) : 290.472.577,6",10 Kawasan
Jawa Tengah,PERTAMBANGAN,93828770000000.0,2025,10 Proyek,,"PMA (US$ Ribu) : 19.223.591,5 | PMDN (Rp Juta) : 290.472.577,6",10 Kawasan
Daerah Istimewa Yogyakarta,PENGANGKUTAN,3183856000000.0,2025,2 Proyek,,"PMA (US$ Ribu) : 1.667.053.679.543,4 | PMDN (Rp Juta) : 6.770.695.039.676,1",1 Kawasan
Daerah Istimewa Yogyakarta,KONSTRUKSI,4725103000000.0,2025,2 Proyek,,"PMA (US$ Ribu) : 1.667.053.679.543,4 | PMDN (Rp Juta) : 6.770.695.039.676,1",1 Kawasan
Daerah Istimewa Yogyakarta,PARIWISATA,2361177000000.0,2025,2 Proyek,,"PMA (US$ Ribu) : 1.667.053.679.543,4 | PMDN (Rp Juta) : 6.770.695.039.676,1",1 Kawasan
Daerah Istimewa Yogyakarta,PERINDUSTRIAN,165583339000000.0,2025,2 Proyek,,"PMA (US$ Ribu) : 1.667.053.679.543,4 | PMDN (Rp Juta) : 6.770.695.039.676,1",1 Kawasan
Jawa Timur,PERINDUSTRIAN,165583339000000.0,2025,19 Proyek,Rp 1.783.789.520.000.000,"PMA (US$ Ribu) : 27.043.000,9 | PMDN (Rp Juta) : 548.401.200,5",11 Kawasan
Jawa Timur,PARIWISATA,2361177000000.0,2025,19 Proyek,Rp 1.783.789.520.000.000,"PMA (US$ Ribu) : 27.043.000,9 | PMDN (Rp Juta) : 548.401.200,5",11 Kawasan
Jawa Timur,ENERGI,22543058000000.0,2025,19 Proyek,Rp 1.783.789.520.000.000,"PMA (US$ Ribu) : 27.043.000,9 | PMDN (Rp Juta) : 548.401.200,5",11 Kawasan
Jawa Timur,PERDAGANGAN,17749000000000.0,2025,19 Proyek,Rp 1.783.789.520.000.000,"PMA (US$ Ribu) : 27.043.000,9 | PMDN (Rp Juta) : 548.401.200,5",11 Kawasan
Jawa Timur,PERTANIAN,34532000000000.0,2025,19 Proyek,Rp 1.783.789.520.000.000,"PMA (US$ Ribu) : 27.043.000,9 | PMDN (Rp Juta) : 548.401.200,5",11 Kawasan
Jawa Timur,PERIKANAN,10266634000000.0,2025,19 Proyek,Rp 1.783.789.520.000.000,"PMA (US$ Ribu) : 27.043.000,9 | PMDN (Rp Juta) : 548.401.200,5",11 Kawasan
Banten,KONSTRUKSI,4725103000000.0,2025,4 Proyek,,"PMA (US$ Ribu) : 40.582.672,22 | PMDN (Rp Juta) : 293.798.007,21",19 Kawasan
Banten,ENERGI,22543058000000.0,2025,4 Proyek,,"PMA (US$ Ribu) : 40.582.672,22 | PMDN (Rp Juta) : 293.798.007,21",19 Kawasan
Banten,PERINDUSTRIAN,165583339000000.0,2025,4 Proyek,,"PMA (US$ Ribu) : 40.582.672,22 | PMDN (Rp Juta) : 293.798.007,21",19 Kawasan
Banten,PENGANGKUTAN,3183856000000.0,2025,4 Proyek,,"PMA (US$ Ribu) : 40.582.672,22 | PMDN (Rp Juta) : 293.798.007,21",19 Kawasan
Bali,PARIWISATA,2361177000000.0,2025,2 Proyek,,"PMA (US$ Ribu) : 9.779.072,5 | PMDN (Rp Juta) : 71.877.555,3",2 Kawasan
Bali,PERIKANAN,10266634000000.0,2025,2 Proyek,,"PMA (US$ Ribu) : 9.779.072,5 | PMDN (Rp Juta) : 71.877.555,3",2 Kawasan
Bali,PERINDUSTRIAN,165583339000000.0,2025,2 Proyek,,"PMA (US$ Ribu) : 9.779.072,5 | PMDN (Rp Juta) : 71.877.555,3",2 Kawasan
Bali,ENERGI,22543058000000.0,2025,2 Proyek,,"PMA (US$ Ribu) : 9.779.072,5 | PMDN (Rp Juta) : 71.877.555,3",2 Kawasan
Bali,PERTANIAN,34532000000000.0,2025,2 Proyek,,"PMA (US$ Ribu) : 9.779.072,5 | PMDN (Rp Juta) : 71.877.555,3",2 Kawasan
Nusa Tenggara Barat,PERTANIAN,34532000000000.0,2025,6 Proyek,,"PMA (US$ Ribu) : 6.459.010,1 | PMDN (Rp Juta) : 166.522.265,6",1 Kawasan
Nusa Tenggara Barat,PERTAMBANGAN,93828770000000.0,2025,6 Proyek,,"PMA (US$ Ribu) : 6.459.010,1 | PMDN (Rp Juta) : 166.522.265,6",1 Kawasan
Nusa Tenggara Barat,PERIKANAN,10266634000000.0,2025,6 Proyek,,"PMA (US$ Ribu) : 6.459.010,1 | PMDN (Rp Juta) : 166.522.265,6",1 Kawasan
Nusa Tenggara Barat,PARIWISATA,2361177000000.0,2025,6 Proyek,,"PMA (US$ Ribu) : 6.459.010,1 | PMDN (Rp Juta) : 166.522.265,6",1 Kawasan
Nusa Tenggara Timur,PERIKANAN,10266634000000.0,2025,3 Proyek,,"PMA (US$ Ribu) : 1.064.246,9 | PMDN (Rp Juta) : 31.202.287,3",0 Kawasan
Nusa Tenggara Timur,PENGANGKUTAN,3183856000000.0,2025,3 Proyek,,"PMA (US$ Ribu) : 1.064.246,9 | PMDN (Rp Juta) : 31.202.287,3",0 Kawasan
Nusa Tenggara Timur,PERTANIAN,34532000000000.0,2025,3 Proyek,,"PMA (US$ Ribu) : 1.064.246,9 | PMDN (Rp Juta) : 31.202.287,3",0 Kawasan
Nusa Tenggara Timur,PERTAMBANGAN,93828770000000.0,2025,3 Proyek,,"PMA (US$ Ribu) : 1.064.246,9 | PMDN (Rp Juta) : 31.202.287,3",0 Kawasan
Kalimantan Barat,KONSTRUKSI,4725103000000.0,2025,3 Proyek,Rp 35.532.970.504,"PMA (US$ Ribu) : 7.787.471,82 | PMDN (Rp Juta) : 213.624.891.598,96",3 Kawasan
Kalimantan Barat,PERTANIAN,34532000000000.0,2025,3 Proyek,Rp 35.532.970.504,"PMA (US$ Ribu) : 7.787.471,82 | PMDN (Rp Juta) : 213.624.891.598,96",3 Kawasan
Kalimantan Barat,PERTAMBANGAN,93828770000000.0,2025,3 Proyek,Rp 35.532.970.504,"PMA (US$ Ribu) : 7.787.471,82 | PMDN (Rp Juta) : 213.624.891.598,96",3 Kawasan
Kalimantan Barat,PERIKANAN,10266634000000.0,2025,3 Proyek,Rp 35.532.970.504,"PMA (US$ Ribu) : 7.787.471,82 | PMDN (Rp Juta) : 213.624.891.598,96",3 Kawasan
Kalimantan Barat,PERINDUSTRIAN,165583339000000.0,2025,3 Proyek,Rp 35.532.970.504,"PMA (US$ Ribu) : 7.787.471,82 | PMDN (Rp Juta) : 213.624.891.598,96",3 Kawasan
Kalimantan Selatan,PERIKANAN,10266634000000.0,2025,3 Proyek,,"PMA (US$ Ribu) : 3.887.420,4 | PMDN (Rp Juta) : 88.176.890,3",6 Kawasan
Kalimantan Selatan,PENGANGKUTAN,3183856000000.0,2025,3 Proyek,,"PMA (US$ Ribu) : 3.887.420,4 | PMDN (Rp Juta) : 88.176.890,3",6 Kawasan
Kalimantan Selatan,PERDAGANGAN,17749000000000.0,2025,3 Proyek,,"PMA (US$ Ribu) : 3.887.420,4 | PMDN (Rp Juta) : 88.176.890,3",6 Kawasan
Kalimantan Selatan,KONSTRUKSI,4725103000000.0,2025,3 Proyek,,"PMA (US$ Ribu) : 3.887.420,4 | PMDN (Rp Juta) : 88.176.890,3",6 Kawasan
Kalimantan Selatan,ENERGI,22543058000000.0,2025,3 Proyek,,"PMA (US$ Ribu) : 3.887.420,4 | PMDN (Rp Juta) : 88.176.890,3",6 Kawasan
Kalimantan Selatan,PERTAMBANGAN,93828770000000.0,2025,3 Proyek,,"PMA (US$ Ribu) : 3.887.420,4 | PMDN (Rp Juta) : 88.176.890,3",6 Kawasan
Kalimantan Selatan,PERTANIAN,34532000000000.0,2025,3 Proyek,,"PMA (US$ Ribu) : 3.887.420,4 | PMDN (Rp Juta) : 88.176.890,3",6 Kawasan
Kalimantan Timur,PERINDUSTRIAN,165583339000000.0,2025,15 Proyek,,"PMA (US$ Ribu) : 16.778.176,7 | PMDN (Rp Juta) : 312.195.897,6",4 Kawasan
Kalimantan Timur,PERTAMBANGAN,93828770000000.0,2025,15 Proyek,,"PMA (US$ Ribu) : 16.778.176,7 | PMDN (Rp Juta) : 312.195.897,6",4 Kawasan
Kalimantan Utara,PERINDUSTRIAN,165583339000000.0,2025,3 Proyek,Rp 254.265.656.970.000,"PMA (US$ Ribu) : 4.203.414,1 | PMDN (Rp Juta) : 45.213.244,7",1 Kawasan
Kalimantan Utara,PENGANGKUTAN,3183856000000.0,2025,3 Proyek,Rp 254.265.656.970.000,"PMA (US$ Ribu) : 4.203.414,1 | PMDN (Rp Juta) : 45.213.244,7",1 Kawasan
Kalimantan Utara,PERIKANAN,10266634000000.0,2025,3 Proyek,Rp 254.265.656.970.000,"PMA (US$ Ribu) : 4.203.414,1 | PMDN (Rp Juta) : 45.213.244,7",1 Kawasan
Kalimantan Utara,PERTAMBANGAN,93828770000000.0,2025,3 Proyek,Rp 254.265.656.970.000,"PMA (US$ Ribu) : 4.203.414,1 | PMDN (Rp Juta) : 45.213.244,7",1 Kawasan
Sulawesi Utara,PENGANGKUTAN,3183856000000.0,2025,2 Proyek,Rp 90.203.560.000.000,"PMA (US$ Ribu) : 6.335.001,8 | PMDN (Rp Juta) : 45.568.439,4",3 Kawasan
Sulawesi Utara,ENERGI,22543058000000.0,2025,2 Proyek,Rp 90.203.560.000.000,"PMA (US$ Ribu) : 6.335.001,8 | PMDN (Rp Juta) : 45.568.439,4",3 Kawasan
Sulawesi Utara,KONSTRUKSI,4725103000000.0,2025,2 Proyek,Rp 90.203.560.000.000,"PMA (US$ Ribu) : 6.335.001,8 | PMDN (Rp Juta) : 45.568.439,4",3 Kawasan
Sulawesi Utara,PERDAGANGAN,17749000000000.0,2025,2 Proyek,Rp 90.203.560.000.000,"PMA (US$ Ribu) : 6.335.001,8 | PMDN (Rp Juta) : 45.568.439,4",3 Kawasan
Sulawesi Utara,PERTANIAN,34532000000000.0,2025,2 Proyek,Rp 90.203.560.000.000,"PMA (US$ Ribu) : 6.335.001,8 | PMDN (Rp Juta) : 45.568.439,4",3 Kawasan
Sulawesi Utara,PERTAMBANGAN,93828770000000.0,2025,2 Proyek,Rp 90.203.560.000.000,"PMA (US$ Ribu) : 6.335.001,8 | PMDN (Rp Juta) : 45.568.439,4",3 Kawasan
Sulawesi Utara,PERINDUSTRIAN,165583339000000.0,2025,2 Proyek,Rp 90.203.560.000.000,"PMA (US$ Ribu) : 6.335.001,8 | PMDN (Rp Juta) : 45.568.439,4",3 Kawasan
Sulawesi Utara,PERIKANAN,10266634000000.0,2025,2 Proyek,Rp 90.203.560.000.000,"PMA (US$ Ribu) : 6.335.001,8 | PMDN (Rp Juta) : 45.568.439,4",3 Kawasan
Sulawesi Tengah,KONSTRUKSI,4725103000000.0,2025,2 Proyek,,"PMA (US$ Ribu) : 9.048.380.497 | PMDN (Rp Juta) : 4.593.011.015.770,11",7 Kawasan
Sulawesi Tengah,PERINDUSTRIAN,165583339000000.0,2025,2 Proyek,,"PMA (US$ Ribu) : 9.048.380.497 | PMDN (Rp Juta) : 4.593.011.015.770,11",7 Kawasan
Sulawesi Tengah,PERTANIAN,34532000000000.0,2025,2 Proyek,,"PMA (US$ Ribu) : 9.048.380.497 | PMDN (Rp Juta) : 4.593.011.015.770,11",7 Kawasan
Sulawesi Tengah,PERTAMBANGAN,93828770000000.0,2025,2 Proyek,,"PMA (US$ Ribu) : 9.048.380.497 | PMDN (Rp Juta) : 4.593.011.015.770,11",7 Kawasan
Sulawesi Tengah,PERIKANAN,10266634000000.0,2025,2 Proyek,,"PMA (US$ Ribu) : 9.048.380.497 | PMDN (Rp Juta) : 4.593.011.015.770,11",7 Kawasan
Sulawesi Selatan,PERTANIAN,34532000000000.0,2025,9 Proyek,,"PMA (US$ Ribu) : 5.291.340,51 | PMDN (Rp Juta) : 80.282.889,7",1 Kawasan
Sulawesi Selatan,KONSTRUKSI,4725103000000.0,2025,9 Proyek,,"PMA (US$ Ribu) : 5.291.340,51 | PMDN (Rp Juta) : 80.282.889,7",1 Kawasan
Sulawesi Selatan,PERIKANAN,10266634000000.0,2025,9 Proyek,,"PMA (US$ Ribu) : 5.291.340,51 | PMDN (Rp Juta) : 80.282.889,7",1 Kawasan
Sulawesi Selatan,PERINDUSTRIAN,165583339000000.0,2025,9 Proyek,,"PMA (US$ Ribu) : 5.291.340,51 | PMDN (Rp Juta) : 80.282.889,7",1 Kawasan
Sulawesi Tenggara,PERIKANAN,10266634000000.0,2025,3 Proyek,Rp 95.940.020.000.000,"PMA (US$ Ribu) : 9.130.784,94 | PMDN (Rp Juta) : 50.561.460,98",3 Kawasan
Sulawesi Tenggara,PERTAMBANGAN,93828770000000.0,2025,3 Proyek,Rp 95.940.020.000.000,"PMA (US$ Ribu) : 9.130.784,94 | PMDN (Rp Juta) : 50.561.460,98",3 Kawasan
Sulawesi Tenggara,PARIWISATA,2361177000000.0,2025,3 Proyek,Rp 95.940.020.000.000,"PMA (US$ Ribu) : 9.130.784,94 | PMDN (Rp Juta) : 50.561.460,98",3 Kawasan
Sulawesi Tenggara,PERTANIAN,34532000000000.0,2025,3 Proyek,Rp 95.940.020.000.000,"PMA (US$ Ribu) : 9.130.784,94 | PMDN (Rp Juta) : 50.561.460,98",3 Kawasan
Gorontalo,PERTANIAN,34532000000000.0,2025,2 Proyek,Rp 25.410.060.000.000,"PMA (US$ Ribu) : 1.549.050,4 | PMDN (Rp Juta) : 23.855.934,03",0 Kawasan
Gorontalo,PARIWISATA,2361177000000.0,2025,2 Proyek,Rp 25.410.060.000.000,"PMA (US$ Ribu) : 1.549.050,4 | PMDN (Rp Juta) : 23.855.934,03",0 Kawasan
Gorontalo,PERIKANAN,10266634000000.0,2025,2 Proyek,Rp 25.410.060.000.000,"PMA (US$ Ribu) : 1.549.050,4 | PMDN (Rp Juta) : 23.855.934,03",0 Kawasan
Sulawesi Barat,PERINDUSTRIAN,165583339000000.0,2025,2 Proyek,Rp 27.339.810.000.000,"PMA (US$ Ribu) : 8.994.488.248 | PMDN (Rp Juta) : 1.954.860.069.170,6",0 Kawasan
Sulawesi Barat,PERTANIAN,34532000000000.0,2025,2 Proyek,Rp 27.339.810.000.000,"PMA (US$ Ribu) : 8.994.488.248 | PMDN (Rp Juta) : 1.954.860.069.170,6",0 Kawasan
Sulawesi Barat,PERIKANAN,10266634000000.0,2025,2 Proyek,Rp 27.339.810.000.000,"PMA (US$ Ribu) : 8.994.488.248 | PMDN (Rp Juta) : 1.954.860.069.170,6",0 Kawasan
Maluku,PERIKANAN,10266634000000.0,2025,2 Proyek,Rp 23.984.540.000.000,"PMA (US$ Ribu) : 1.002.869,7 | PMDN (Rp Juta) : 8.863.220,1",0 Kawasan
Maluku,PERTANIAN,34532000000000.0,2025,2 Proyek,Rp 23.984.540.000.000,"PMA (US$ Ribu) : 1.002.869,7 | PMDN (Rp Juta) : 8.863.220,1",0 Kawasan
Maluku,PENGANGKUTAN,3183856000000.0,2025,2 Proyek,Rp 23.984.540.000.000,"PMA (US$ Ribu) : 1.002.869,7 | PMDN (Rp Juta) : 8.863.220,1",0 Kawasan
Maluku,ENERGI,22543058000000.0,2025,2 Proyek,Rp 23.984.540.000.000,"PMA (US$ Ribu) : 1.002.869,7 | PMDN (Rp Juta) : 8.863.220,1",0 Kawasan
Maluku,PERDAGANGAN,17749000000000.0,2025,2 Proyek,Rp 23.984.540.000.000,"PMA (US$ Ribu) : 1.002.869,7 | PMDN (Rp Juta) : 8.863.220,1",0 Kawasan
Maluku,PERINDUSTRIAN,165583339000000.0,2025,2 Proyek,Rp 23.984.540.000.000,"PMA (US$ Ribu) : 1.002.869,7 | PMDN (Rp Juta) : 8.863.220,1",0 Kawasan
Maluku Utara,PERTANIAN,34532000000000.0,2025,2 Proyek,,"PMA (US$ Ribu) : 9.589.814.241,8 | PMDN (Rp Juta) : 16.944.819.401.620,8",4 Kawasan
Maluku Utara,PERTAMBANGAN,93828770000000.0,2025,2 Proyek,,"PMA (US$ Ribu) : 9.589.814.241,8 | PMDN (Rp Juta) : 16.944.819.401.620,8",4 Kawasan
Maluku Utara,PERIKANAN,10266634000000.0,2025,2 Proyek,,"PMA (US$ Ribu) : 9.589.814.241,8 | PMDN (Rp Juta) : 16.944.819.401.620,8",4 Kawasan
Papua Barat,PERTANIAN,34532000000000.0,2025,2 Proyek,,"PMA (US$ Ribu) : 483.249.066,9 | PMDN (Rp Juta) : 1.977.906.976.168",0 Kawasan
Papua Barat,PERTAMBANGAN,93828770000000.0,2025,2 Proyek,,"PMA (US$ Ribu) : 483.249.066,9 | PMDN (Rp Juta) : 1.977.906.976.168",0 Kawasan
Papua Barat,PARIWISATA,2361177000000.0,2025,2 Proyek,,"PMA (US$ Ribu) : 483.249.066,9 | PMDN (Rp Juta) : 1.977.906.976.168",0 Kawasan
Papua Barat,PERINDUSTRIAN,165583339000000.0,2025,2 Proyek,,"PMA (US$ Ribu) : 483.249.066,9 | PMDN (Rp Juta) : 1.977.906.976.168",0 Kawasan
Papua Barat,PERIKANAN,10266634000000.0,2025,2 Proyek,,"PMA (US$ Ribu) : 483.249.066,9 | PMDN (Rp Juta) : 1.977.906.976.168",0 Kawasan
Papua Tengah,PERTAMBANGAN,93828770000000.0,2025,0 Proyek,,"PMA (US$ Ribu) : 2.464.881,9 | PMDN (Rp Juta) : 458.840,7",0 Kawasan
Papua Pegunungan,NAN,,2025,0 Proyek,Rp 9.263.870.000.000,"PMA (US$ Ribu) : 0 | PMDN (Rp Juta) : 214.657,5",0 Kawasan
Papua Barat Daya,PARIWISATA,2361177000000.0,2025,3 Proyek,,"PMA (US$ Ribu) : 175.911,3 | PMDN (Rp Juta) : 3.453.031,3",1 Kawasan
Papua Barat Daya,PERTAMBANGAN,93828770000000.0,2025,3 Proyek,,"PMA (US$ Ribu) : 175.911,3 | PMDN (Rp Juta) : 3.453.031,3",1 Kawasan
